SR-ID,Title,UN-Refs,Requirement,Rationale,AcceptanceCriteria,Permutations,Priority,Verification,Status
SR-001,End-user download-to-first-slideshow path (no Rust),UN-001;UN-019;UN-020;UN-021,"The system shall enable an end user to produce a first playable MP4 by following the documented end-user path only: download `make_video_slideshow.exe` (SR-023), run it — on first run with no config the in-binary GUI wizard (SR-026) collects the basics and writes a valid config (SR-030) and the startup dependency self-check (SR-024) fetches/locates FFmpeg (SR-027) — then run `build`; with no Rust/compiler toolchain, no source checkout, no source-code edits, and no manual config-file editing required of the end user for a basic run.","Removes the setup friction UN-001 says causes abandonment before first output; the in-binary wizard + self-check replace any manual install/config step, and the UN-021 audience split keeps a non-programmer from ever being routed into installing Rust.","On a clean Windows host with NO Rust toolchain and no FFmpeg installed: following only the documented end-user path — (1) download `make_video_slideshow.exe` (SR-023), (2) run it so the first-run GUI wizard (SR-026) writes a valid config (SR-030) and the startup self-check (SR-024) fetches/locates FFmpeg (SR-027), (3) run `build` — yields ≥1 MP4 that plays; no documented end-user step installs Rust/a compiler, requires a source checkout, instructs editing `.rs` source, or requires hand-editing the config for a basic run. Building from source is a separate Developer path (SR-025), never part of these end-user steps.","step={download-exe,first-run-wizard,self-check,build}; manual-config-edits=0; code-edits=0; rust-required=no",M,Demonstration,Draft
SR-002,Pre-run validate gates build on runtime prerequisites only,UN-002,"The system shall provide a `validate` command that checks each essential RUNTIME prerequisite (FFmpeg locatable — whether on PATH, at a configured/existing path, or already auto-fetched per SR-027 — config parses, media_root readable, output base_dir writable) and reports each as a plain-language pass/fail, and `build` shall refuse to start when any essential prerequisite fails; `validate` shall NOT check for or require a Rust/build toolchain, FFmpeg being the sole external runtime dependency.","Implements UN-002 so a missing/typo'd runtime prerequisite is caught before a long run rather than after; FFmpeg is the only runtime dependency (the binary is already in hand per UN-019, and may be auto-fetched/located per SR-027), so a Rust/build toolchain is never treated as a prerequisite.","`validate` emits one labeled pass/fail line per checked runtime prerequisite in plain language; the FFmpeg check passes when FFmpeg is on PATH, at a configured/existing location, or already auto-fetched (SR-027); when any essential check fails, `validate` and `build` both exit non-zero without producing output; when all pass, `validate` exits zero; no checked prerequisite is a Rust/compiler/build-toolchain check, and `validate` succeeds on a clean machine that has FFmpeg (located or fetched) + valid config + readable/writable paths but no Rust installed.","prereq={ffmpeg_locatable,config_parses,media_root_readable,output_dir_writable}; ffmpeg_source={path,configured-existing,auto-fetched}; outcome={pass,fail}; rust-checked=no",M,Test,Draft
SR-003,Single documented config file with defaults and units,UN-003,"The system shall be configured by one TOML file in which every user-facing field has a documented default and stated unit, and the documented defaults shall require no understanding of codec/CRF/Ken Burns internals to produce frame-friendly output.","Implements UN-003 so a non-programmer can configure a run by editing plain settings only.","For each field in `[[outputs]]`/`[input]`/`[output]`/`[processing]` the docs state a default and unit; loading a config that omits all optional fields succeeds using those defaults; the default-produced output satisfies SR-005.","field={width,height,fps,pic_display_time_secs,fade_time_secs,quality_crf,max_rotation_degrees,zoom_amount,ken_burns,exception_pattern,exception_threshold,max_workers}",M,Inspection,Draft
SR-004,Build progress and completion summary,UN-004,"The system shall report ongoing progress during `build` (items processed of total per stage) and, on completion, emit a summary listing each output file written with its path, or a clear failure message when no valid output was produced.","Implements UN-004 so long unattended runs are visibly alive and the user knows the result and where outputs landed.","During `build`, progress updates showing processed/total are emitted as work proceeds; on success the final summary lists every written output path; on failure a plain-language message is emitted and exit code is non-zero.","outcome={success,failure}; stage={scan,frame-gen,encode}",M,Test,Draft
SR-005,Frame-compatible default encode profile,UN-005,"The system shall, with default settings, produce H.264 video in an MP4 container with pixel format yuv420p, `+faststart`, even width and height, and frame rate within 24-30 fps inclusive.","Implements UN-005: pins the broadly compatible profile so default output plays on budget frames, not just the PC.","ffprobe of a default-config output reports codec=h264, container=mp4, pix_fmt=yuv420p; the moov atom precedes mdat (faststart); width%2==0 and height%2==0; 24<=fps<=30.","codec=h264; container=mp4; pix_fmt=yuv420p; faststart=on; fps={24,25,30}; dims=even",M,Test,Draft
SR-006,Even-dimension enforcement for any configured resolution,UN-005;UN-007,"The system shall encode each output at its configured resolution and shall ensure the encoded width and height are both even for every supported panel resolution.","Decomposes the even-dimension requirement of UN-005 across the multiple panel resolutions UN-007 allows, since yuv420p H.264 rejects odd dimensions.","For each resolution in Permutations, the encoded stream's width and height are even and match (or are the even-adjusted form of) the configured values; encoding never aborts due to odd dimensions.","resolution={1024x768,1280x800,1440x900,1920x1080}",M,Test,Draft
SR-007,Frame-rate bounds,UN-005,"The system shall accept a configurable output frame rate and the documented default shall fall within 24-30 fps inclusive.","Implements the fps portion of UN-005 so default output stays within the range budget panels support.","Default-config output has 24<=fps<=30; a configured fps within the supported set is honored in the encoded stream as reported by ffprobe.","fps={24,25,30}",M,Test,Draft
SR-008,Quality/bitrate via CRF default,UN-005,"The system shall control output quality via an H.264 CRF parameter whose documented default lies in the 26-30 range recommended for smooth playback on budget frames.","Implements the bitrate/smoothness guidance of UN-005 so default output neither stutters on weak decoders nor bloats file size.","The default `quality_crf` is within 26-30 inclusive; the configured CRF is passed unchanged to the H.264 encoder; lowering CRF measurably increases output file size on identical input.","quality_crf={26,28,30}",M,Test,Draft
SR-009,Pre-run oversize (FAT32 4GB) size estimate and warning,UN-006;UN-018,"The system shall estimate each output's duration and file size before/while building and shall emit a warning naming the affected output when its estimated size exceeds ~3.5 GB, and shall surface any output whose final size exceeds that threshold (path + size) in the completion summary.","Implements UN-006 (pre-run guard) and the UN-018 edge case so the user is warned about the 4 GB FAT32 wall before and after, not when the frame rejects the card.","Given a config/media whose estimated output exceeds 3.5 GB, `build` emits a warning naming the output and pointing to documented mitigations; any final output file > 3.5 GB is listed with its path and size in the summary; estimate uses the documented duration formula (sum of clip durations minus transitions x fade_time_secs).","threshold_gb=3.5; phase={pre-run-estimate,post-run-actual}",M,Test,Draft
SR-010,Source media never modified,UN-013,"The system shall open all input media read-only and shall never create, modify, move, or delete any file under the configured media_root.","Implements the UN-013 guarantee that a crash/power loss can never corrupt source media.","After any `build`, `validate`, `stats`, or `bench` run (including a run interrupted mid-execution), every file under media_root is byte-for-byte unchanged (verified by pre/post hash) and no files are added or removed there.","operation={build,validate,stats,bench}; run={complete,interrupted}",M,Test,Draft
SR-011,Crash-safe output (no complete-looking partial),UN-013;UN-016,"The system shall write each output via a temporary/in-progress file that is atomically promoted to its final `<name>.mp4` name only after a successful encode, so that a run killed mid-write leaves no partial file bearing the final output name.","Implements UN-013 and UN-016: a partial output must be distinguishable from a finished MP4 so the user is never misled by a truncated file.","If `build` is killed before an output completes, no file with the final `<name>.mp4` name exists for that output (only a distinguishable temp/in-progress artifact, if any); re-running after a kill completes normally without double-producing or silently skipping outputs.","interrupt-point={during-encode,before-finalize}; finalize=atomic-rename",M,Test,Draft
SR-012,FFmpeg-missing detection,UN-014,"The system shall detect when FFmpeg is not available on PATH and shall fail with a plain-language message naming FFmpeg as the cause and a non-zero exit status, without attempting a build.","Implements UN-014 for the FFmpeg-missing case so the failure is loud, named, and actionable.","With FFmpeg absent from PATH, `validate` and `build` print a message identifying FFmpeg-not-found and a fix hint, produce no output file, and exit non-zero.","command={validate,build}",M,Test,Draft
SR-013,FFmpeg-error handling with no false success,UN-014,"The system shall surface a non-zero FFmpeg exit or encode failure as a plain-language error naming the affected file/output and shall itself exit non-zero, never reporting success when no valid output was produced, and shall abort a stalled FFmpeg process after a configurable inactivity timeout (default 120 s with no encoder progress/output) rather than waiting indefinitely.","Implements UN-014 for the FFmpeg-error case so the user is never told a failed run succeeded, and bounds a wedged FFmpeg so an unattended run cannot block forever.","When FFmpeg exits non-zero during an output, the tool reports the failing output/file and the error, exits non-zero, and lists no successfully-written file for that output. If FFmpeg produces no progress/output for longer than the inactivity timeout (default 120 s, configurable), the tool aborts the FFmpeg process, reports the timeout naming the affected output, and exits non-zero — i.e. the run always terminates within (work time + one timeout interval), never hanging indefinitely.","failure={ffmpeg-nonzero-exit,broken-pipe,inactivity-timeout}; timeout_secs_default=120; timeout=configurable",M,Test,Draft
SR-014,Corrupt/unsupported input skip-and-continue,UN-015,"The system shall, by default, skip an input file it cannot read/decode, log the skipped file path and the reason, continue processing remaining files, report the total skipped count in the completion summary, and define exit status by whether any valid output was produced: exit zero when ≥1 valid output is written, exit non-zero with a plain ""no outputs produced"" message when every input was skipped (zero valid outputs).","Implements UN-015 so one bad file never aborts a long run and the user can decide whether to re-source skipped items; the all-skipped case must fail loudly so an empty run is never mistaken for success.","Given a media set containing ≥1 unreadable/unsupported file alongside valid files, `build` completes, produces output from the valid files, logs each skipped file with a reason, and the summary states the skipped count; the run exits zero when at least one valid output was produced. When EVERY input is skipped (zero valid outputs), `build` exits non-zero and emits a plain-language ""no outputs produced"" message rather than exiting zero.","cause={corrupt,unsupported-format,unreadable}; default-behavior=skip-and-continue; valid-outputs={>=1,0}; exit={zero-when->=1,nonzero-when-0}",M,Test,Draft
SR-015,Storage-full detection without complete-looking output,UN-016,"The system shall detect a write failure caused by insufficient disk space for output or temporary data, stop with a plain-language out-of-disk-space message naming the path, fail the run with a non-zero exit, and not leave a finalized output file that appears complete.","Implements UN-016 so a full disk fails loudly instead of silently producing an unusable truncated file.","When the output/temp volume cannot accommodate the write, the tool emits an out-of-space message naming the path, exits non-zero, and no file with the final output name is left for the affected output.","target={output-volume,temp-volume}",M,Test,Draft
SR-016,Output/input path missing or unwritable handling,UN-017,"The system shall detect when the configured output base_dir (or input media_root) is missing or unwritable before/at write time, report the specific path and the problem in plain language, and stop cleanly with a non-zero exit rather than crashing cryptically or writing nowhere.","Implements UN-017 so removed/unwritable SD/USB/NAS paths produce a clear, path-named failure.","With output base_dir removed or read-only (or media_root missing), the tool names the exact path and the problem, exits non-zero, and produces no silently-discarded output; the failure is a plain message, not an unhandled panic/stack trace.","path={output_base_dir,media_root}; condition={missing,unwritable}; timing={pre-run,mid-run}",M,Test,Draft
SR-017,Multiple output definitions per run,UN-007,"The system shall accept multiple `[[outputs]]` definitions in one config and produce one MP4 per definition in a single `build`, each honoring its own resolution, fps, and quality.","Implements UN-007 so a user with several frames produces all targets in one run instead of re-running per frame.","Given N output definitions, one `build` writes N distinct MP4s (one per definition); ffprobe confirms each output's resolution/fps match its definition.","N={1,2,3}; per-output={resolution,fps,quality_crf}",S,Test,Draft
SR-018,Case-insensitive ignore list,UN-008,"The system shall exclude files and folders whose path matches any configured ignore pattern, matching case-insensitively.","Implements UN-008 so private albums are kept off the frame regardless of letter case.","Given ignore_patterns and a media set, no file whose path contains a pattern (matched case-insensitively) appears in the scanned media or any output; non-matching files are still included.","case={lower,UPPER,Mixed}; target={file,folder}",S,Test,Draft
SR-019,Honest capability/gap reporting,UN-009,"The system's documentation shall mark not-yet-implemented Rust-engine features (audio, `bulk_video_time_min` part-splitting) as unimplemented and direct the user to the PowerShell pipeline or a workaround where the Rust engine falls short.","Implements UN-009 so the user is not surprised mid-project by a missing feature.","The README/quick-reference explicitly label audio and `bulk_video_time_min` splitting as not implemented in the Rust engine and name the PowerShell path/workaround; no doc claims these Rust features work today.","feature={audio,bulk_video_splitting}",M,Inspection,Draft
SR-020,Single discoverable quick-reference,UN-010;UN-011,"The system documentation shall provide one canonical quick-reference (the core commands and the recommended frame settings) that is discoverable from the README, with all other docs linking to it rather than restating its values.","Implements UN-010 (fast re-entry) and UN-011 (single source) so the few key facts exist in exactly one place.","A quick-reference containing the commands and recommended starting settings exists and is linked from the README; the recommended-settings values appear in exactly one location and other mentions link to it.","content={commands,recommended-settings}",S,Inspection,Draft
SR-021,No conflicting restated constraints across docs,UN-011,"The system documentation shall state each output constraint/setting value once and reference it elsewhere, with no constraint restated with a conflicting value across docs.","Implements UN-011 so the user never sees the same setting explained with different values.","An inspection of README/roadmap/spec/quick-reference finds no constraint or setting (resolution set, fps range, CRF default, 3.5 GB threshold) given conflicting values; shared facts are stated once and linked.","constraint={fps-range,crf-default,size-threshold,resolution-set}",S,Inspection,Draft
SR-022,Deterministic reproducible output,UN-012,"The system shall produce equivalent output when re-run on unchanged media with an unchanged config, using deterministic per-file Ken Burns parameters seeded from the file path.","Implements UN-012 so the user can compare results across config tweaks without chasing random pan/zoom changes.","Two `build` runs over identical media and identical config produce per-clip Ken Burns motion that is identical (same path-seeded pan/zoom/rotation parameters); differences attributable only to non-deterministic encoder timing, not to motion.","run={1,2}; seed-source=file-path",C,Analysis,Draft
SR-023,Prebuilt binary distribution via CI to GitHub Releases (FFmpeg not bundled),UN-019,"The system shall be distributed as a prebuilt Windows binary named `make_video_slideshow.exe`, built by CI and published as a GitHub Releases asset on tag, whose only external runtime dependency is FFmpeg; FFmpeg shall NOT be bundled or redistributed in the download but obtained at runtime per SR-027, and the binary shall require no Rust toolchain, build tools, or source checkout to run.","Implements UN-019 so a non-programmer can download-and-run; the engineering realization of the end-user run path in SR-001, with FFmpeg auto-fetched (SR-027) rather than shipped to avoid redistribution.","A prebuilt `make_video_slideshow.exe` asset, produced by the CI workflow on a release tag, is published on a GitHub Releases page; the published artifact does not bundle/contain FFmpeg binaries. On a clean Windows host with NO Rust toolchain or build tools installed, the downloaded `make_video_slideshow.exe` runs `validate` and `build` to completion (producing a playable MP4) using only the binary + an FFmpeg obtained per SR-027; the binary requires no .NET/Rust runtime install.","binary=make_video_slideshow.exe; built-by=ci-on-tag; source=github-releases; ffmpeg-bundled=no; host=clean-no-rust; command={validate,build}",M,Demonstration,Draft
SR-024,In-binary startup dependency self-check and first-run wizard launch,UN-020,"The system shall, on every startup, perform a dependency self-check that detects whether its runtime dependency (FFmpeg) is locatable and, when interactive (SR-028), prompts the user to fetch/locate it (via SR-027); and on first run with no existing config it shall launch the GUI setup wizard (SR-026) — replacing any standalone setup script and requiring no Rust toolchain.","Implements UN-020: setup is built into the exe (startup self-check + first-run wizard) rather than a separate installer script, removing the manual download/copy/PATH friction UN-001 warns about while keeping non-interactive runs unblocked (SR-028).","On every launch `make_video_slideshow.exe` runs a dependency self-check that reports in plain language whether FFmpeg is locatable; when FFmpeg is missing and the session is interactive, it prompts to fetch/locate it (SR-027); when no config exists and the session is interactive (first run), it launches the GUI wizard (SR-026) before proceeding. The self-check requires no Rust, runs on a clean Windows host, and in a non-interactive session shows no prompt/GUI (SR-028). Permutation matrix: config-present x ffmpeg-present determines whether the wizard and/or fetch prompt appear.","startup=every-launch; config={present,absent}; ffmpeg={present,absent}; wizard-launched={yes-when-no-config-and-interactive,no}; rust-required=no",M,Test,Draft
SR-025,End User vs Developer documentation audience split,UN-021,"The system documentation shall present two clearly separated paths: an End User (run) path — download `make_video_slideshow.exe` (SR-023) + the in-binary first-run wizard/startup self-check (SR-024/SR-026) + auto-fetched FFmpeg (SR-027), with no Rust — and a Developer (build-from-source) path requiring the Rust toolchain + FFmpeg, with the end-user quick-start containing no Rust/compiler step.","Implements UN-021 so the audience split is explicit and a non-programmer is never accidentally routed into installing Rust; coordinated with the UX docs (SR-019/SR-020/SR-021).","Inspection of README/quick-reference shows the End User (run) path and the Developer (build-from-source) path as distinct, labeled sections; the End User quick-start steps reference only the prebuilt `make_video_slideshow.exe` (SR-023), its first-run wizard/self-check (SR-024/SR-026), and the auto-fetched/locatable FFmpeg (SR-027) — not the retired setup script — and contain no Rust/`cargo`/compiler step; any Rust/`cargo` build instructions appear only under the Developer section.","audience={end-user,developer}; end-user-rust-steps=0",C,Inspection,Draft
SR-026,First-run GUI wizard collects settings and writes a valid config,UN-022,"The system shall, on first run with no config in an interactive session, present a GUI wizard (PowerShell/WinForms, launched by the exe) that collects the source/media path, the intermediary/temp video path, the frame defaults (resolution, fps, quality), and a single-vs-multiple-frames choice, and on finish shall map the collected values into a valid config written per SR-030 such that the run can proceed.","Implements UN-022 so a non-programmer is guided through setup with a few plain questions instead of finding and hand-editing a config file; keeps the values->valid-config mapping testable independently of the GUI itself.","GUI (Demonstration): on first run with no config in an interactive session the wizard appears, collects source path, intermediary/temp path, frame defaults (resolution/fps/quality), and single-vs-multiple-frames, and on completion the run proceeds with the new config. Config-mapping (separately testable, no GUI required): given a set of wizard-collected values, the value->config mapping produces a config that parses and passes `validate` (SR-002/SR-003), with each collected field landing in its documented config field; the single-frames choice yields one `[[outputs]]`, the multiple-frames choice yields multiple. The wizard appears only in interactive use (SR-028).","collects={source_path,temp_path,resolution,fps,quality,single-or-multiple}; frames={single,multiple}; mapping-yields=valid-config",M,Demonstration,Draft
SR-027,Auto-fetch FFmpeg to per-user dir with offline/existing fallback,UN-023,"The system shall, when FFmpeg is not already locatable, auto-fetch it to a per-user directory that requires no administrator elevation, and shall provide a fallback that lets the user point the tool at an existing FFmpeg (working offline / when auto-fetch is blocked); a fetched FFmpeg shall be integrity-verified per SR-029 before use.","Implements UN-023 so the tool needs neither admin rights nor (with the fallback) an internet connection; per-user install avoids forced elevation and the existing-FFmpeg path keeps it usable on locked-down/offline PCs.","State online-fetch: with FFmpeg absent and network available, the tool downloads FFmpeg into a per-user directory (e.g. under %LOCALAPPDATA%/%APPDATA%) without requesting elevation, verifies it (SR-029), and subsequently locates it for `validate`/`build`. State offline-existing: with no network but a user-supplied/configured path to an existing FFmpeg, the tool uses that FFmpeg and completes `validate`/`build` with no download. State offline-none: with no network and no existing FFmpeg, the tool does not silently proceed — it reports FFmpeg-unavailable in plain language and exits non-zero (consistent with SR-012). No path requires administrator rights.","state={online-fetch,offline-existing,offline-none}; install-scope=per-user; elevation-required=no",M,Test,Draft
SR-028,Interactive-only prompts; non-interactive path never blocks,UN-024,"The system shall show GUI/wizard/prompts only in an interactive session, and in a non-interactive invocation (e.g. `--non-interactive`, `--config <path>`, or no attached console) shall never display a GUI or block waiting for input — instead always running to completion or exiting with a clear non-zero status.","Implements UN-024 so an unattended/CI/scheduled run can never hang on a dialog; this is the critical guardrail that keeps automation and the test harness from blocking.","Interactive (tty) session with no config: wizard/prompts may appear. Non-interactive session: supplying `--config <valid>` (or `--non-interactive`) runs `validate`/`build` to completion with NO GUI/prompt shown and no wait for input; a non-interactive run that lacks a usable config or dependency exits non-zero with a plain message rather than launching a GUI or blocking. CI: under the test harness/CI (no console / non-interactive) every invocation terminates (completes or exits non-zero) within bounded time and never opens a dialog.","interactive={tty,non-interactive,ci}; config={present,absent}; gui-shown={maybe-when-tty,never-when-noninteractive}; blocks=never",M,Test,Draft
SR-029,Downloaded FFmpeg integrity-verified against pinned checksum,UN-026,"The system shall verify an auto-fetched FFmpeg against a pinned/trusted checksum before first use, and on a mismatch shall abort with a plain-language error and shall not execute the downloaded binary.","Implements UN-026 so the user never unknowingly runs a tampered or corrupted FFmpeg fetched over the network; a security guardrail on the SR-027 auto-fetch.","After an auto-fetch (SR-027), the downloaded FFmpeg's checksum is computed and compared to a pinned/trusted value before any execution; on match the binary is used; on mismatch (or missing/corrupt download) the tool emits a plain-language integrity-failure message, does not execute the suspect binary, and exits non-zero. The pinned checksum/source is recorded in the binary/config, not fetched unauthenticated alongside the download.","verify={match,mismatch}; action={use-on-match,abort-no-exec-on-mismatch}; checksum=pinned",M,Test,Draft
SR-030,Config-write location precedence reported and re-read,UN-025,"The system shall write the config beside `make_video_slideshow.exe` when that directory is writable, otherwise fall back to `%APPDATA%`, shall report the chosen location to the user, and shall read the config back from the same precedence on subsequent runs.","Implements UN-025 so the user can find/back up/tweak settings later and the tool still works when its own folder is read-only (e.g. Program Files).","When the exe's own directory is writable, the config is written there; when it is read-only, the config is written under `%APPDATA%`; in both cases the chosen path is reported to the user in plain language; a subsequent run locates and re-reads the config from the same precedence (beside-exe first, then %APPDATA%) without re-prompting/re-running the wizard.","exe-dir={writable,read-only}; location={beside-exe,appdata}; reported=yes; re-read=yes",S,Test,Draft
